,message,actual_category,possible_categories
0,"Explore new recipes and ensure your diet is well-balanced with a mix of fruits, vegetables, and proteins. Your nutrition is the foundation of good health.",nutrition,"['professional_development', 'financial_education', 'nutrition', 'conflict_resolution', 'formal_education', 'empathy_and_understanding']"
1,"Whether it's a jog in the park or a full workout at the gym, regular exercise is crucial for maintaining physical health. Find activities you enjoy!",exercise,"['energy_conservation', 'goal_setting', 'exercise', 'carbon_footprint_reduction', 'community_meetings', 'adaptability']"
2,Quality sleep is key to overall well-being. Establish a bedtime routine and prioritize 7-9 hours of rest each night for optimal health.,sleep,"['sleep', 'cultural_appreciation', 'cultural_events', 'relaxation_and_stress_management', 'friendships', 'adaptability_and_resilience', 'hobbies', 'savings', 'ethical_decision_making']"
3,"Maintain good hygiene habits to keep illnesses at bay. Regular handwashing, dental care, and a clean living space contribute to your overall health.",hygiene,"['legal_awareness', 'eco_friendly_consumer_choices', 'community_meetings', 'service_to_others', 'career_networking', 'sports_and_physical_activities', 'hygiene', 'public_service', 'voting', 'outdoor_advocacy']"
4,Stay proactive about your health by scheduling regular check-ups and screenings. Prevention is key to a long and healthy life!,preventive_healthcare,"['gaming', 'formal_education', 'preventive_healthcare', 'financial_planning', 'quality_time', 'mental_fitness', 'community_meetings', 'environmental_education', 'exercise', 'travel', 'budgeting']"
5,Take care of your mental fitness by practicing mindfulness and engaging in activities that bring you joy. Your mental well-being is just as important as your physical health.,mental_fitness,"['community_meetings', 'advocacy', 'energy_conservation', 'weight_management', 'hobbies_and_creative_outlets', 'formal_education', 'mental_fitness', 'job_satisfaction']"
6,Prioritize your medical care by staying on top of appointments and following prescribed treatments. Your health is your wealth!,medical_care,"['substance_abuse_prevention', 'time_management', 'goal_setting', 'leadership_skills', 'environmental_education', 'religious_practices', 'professional_development', 'cultural_events', 'medical_care', 'career_planning']"
7,"Manage your weight with a combination of a healthy diet and regular exercise. Small, sustainable changes lead to long-term success.",weight_management,"['biodiversity_awareness', 'social_boundaries', 'mindfulness', 'leadership_skills', 'entertainment', 'legal_awareness', 'weight_management', 'emergency_fund']"
8,"Make informed choices to prevent substance abuse. Seek help if needed, and surround yourself with a supportive environment.",substance_abuse_prevention,"['nutrition', 'cultural_events', 'ethical_decision_making', 'job_satisfaction', 'substance_abuse_prevention', 'work_life_balance', 'inner_peace', 'insurance', 'debt_management', 'therapeutic_support', 'stress_management']"
9,"Incorporate relaxation techniques into your daily routine to manage stress. Whether it's deep breathing or meditation, find what works for you.",relaxation_and_stress_management,"['reading', 'relaxation_and_stress_management', 'conflict_resolution', 'inner_peace', 'energy_conservation', 'nutrition', 'networking_and_mentoring', 'quality_time', 'adaptability', 'empathy_and_understanding', 'nature_activities']"
10,Practice mindfulness and meditation to center yourself. Take a few moments each day to focus on your breath and find inner peace.,mindfulness_and_meditation,"['advocacy', 'hobbies_and_creative_outlets', 'leadership_skills', 'religious_practices', 'mindfulness_and_meditation', 'art_and_creativity', 'career_networking', 'communication_skills']"
11,Seek therapeutic support when needed. A trained professional can provide guidance and tools for managing life's challenges.,therapeutic_support,"['self_care_routines', 'sports_and_physical_activities', 'communication_skills', 'friendships', 'therapeutic_support', 'public_service']"
12,"Express your emotions openly and constructively. Whether through journaling or talking to a friend, it's important to release what you're feeling.",emotional_expression,"['hobbies', 'environmental_education', 'therapeutic_support', 'financial_planning', 'emotional_expression', 'charitable_giving', 'self_reflection', 'relaxation_and_stress_management', 'legal_awareness', 'gratitude_practice']"
13,"Manage stress effectively by adopting healthy coping mechanisms. Consider activities like yoga, deep breathing, or a hobby you enjoy.",stress_management,"['weight_management', 'legal_awareness', 'team_collaboration', 'job_satisfaction', 'retirement_planning', 'formal_education', 'social_responsibility', 'stress_management', 'ethical_decision_making', 'service_to_others', 'networking_and_mentoring']"
14,Cultivate positive relationships with those around you. Surround yourself with people who uplift and support you.,positive_relationships,"['conservation_efforts', 'time_management', 'mental_fitness', 'formal_education', 'weight_management', 'positive_relationships', 'career_networking', 'meditation_and_contemplation', 'networking_and_mentoring']"
15,Engage in self-reflection to better understand your thoughts and actions. It's a powerful tool for personal growth.,self_reflection,"['preventive_healthcare', 'adaptability', 'meditation_and_contemplation', 'leadership_skills', 'budgeting', 'team_collaboration', 'gaming', 'self_reflection', 'hobbies_and_creative_outlets']"
16,Cultivate a positive mindset and attitude. Focus on the silver linings and approach challenges with resilience.,mindset_and_attitude,"['conflict_resolution', 'nutrition', 'community_meetings', 'career_networking', 'mindset_and_attitude', 'inner_peace', 'cultural_events', 'investing', 'insurance']"
17,"Explore hobbies and creative outlets that bring you joy. Whether it's painting, writing, or playing music, find what sparks your creativity.",hobbies_and_creative_outlets,"['exercise', 'family_bonds', 'sports_and_physical_activities', 'emotional_expression', 'inner_peace', 'financial_planning', 'public_service', 'hobbies_and_creative_outlets', 'time_management', 'career_networking', 'substance_abuse_prevention']"
18,"Practice gratitude daily. Take a moment to appreciate the good things in your life, big or small.",gratitude_practice,"['community_involvement', 'quality_time', 'gratitude_practice', 'sports_and_physical_activities', 'cultural_events', 'positive_relationships', 'continuous_learning']"
19,"Establish self-care routines that prioritize your well-being. This could include skincare, reading, or simply taking a leisurely walk.",self_care_routines,"['entertainment', 'sports_and_physical_activities', 'sustainable_practices', 'adaptability_and_resilience', 'self_care_routines', 'career_networking', 'adaptability', 'service_to_others', 'networking', 'community_activism', 'social_responsibility']"
20,Nurture strong family bonds by spending quality time together. Create lasting memories and cherish the moments with your loved ones.,family_bonds,"['community_activism', 'formal_education', 'sustainable_practices', 'family_bonds', 'relaxation_and_stress_management', 'adaptability', 'stress_management', 'cultural_appreciation', 'environmental_education', 'critical_thinking', 'work_life_balance']"
21,Cultivate meaningful friendships by being a good listener and showing support. True friends contribute positively to your overall well-being.,friendships,"['carbon_footprint_reduction', 'hobbies', 'adaptability_and_resilience', 'sleep', 'friendships', 'nature_activities']"
22,Hone your communication skills for effective and open dialogue. Clear communication is the foundation of healthy relationships.,communication_skills,"['quality_time', 'communication_skills', 'cultural_appreciation', 'economic_awareness', 'time_management', 'social_boundaries', 'service_to_others', 'emergency_fund', 'skill_development', 'sports_and_physical_activities']"
23,Resolve conflicts constructively by seeking compromise and understanding. Effective conflict resolution strengthens relationships.,conflict_resolution,"['career_planning', 'preventive_healthcare', 'relaxation_techniques', 'voting', 'conflict_resolution', 'career_networking', 'sleep']"
24,Get involved in your community to build a sense of belonging. Volunteering and engaging with neighbors contribute to a supportive community.,community_involvement,"['mindfulness', 'insurance', 'public_service', 'budgeting', 'networking', 'skill_development', 'conflict_resolution', 'community_involvement', 'career_networking', 'relaxation_techniques']"
25,Build social support networks to lean on during challenging times. A strong support system is invaluable for mental and emotional well-being.,social_support_networks,"['values_clarification', 'self_reflection', 'debt_management', 'community_activism', 'mental_fitness', 'exercise', 'social_support_networks', 'art_and_creativity', 'positive_relationships', 'charitable_giving']"
26,Cultivate empathy and understanding in your interactions. Put yourself in others' shoes to strengthen your relationships.,empathy_and_understanding,"['empathy_and_understanding', 'values_clarification', 'nutrition', 'stress_management', 'public_service', 'community_involvement', 'critical_thinking', 'mindfulness_and_meditation', 'legal_awareness']"
27,Network professionally to open up opportunities for growth. Build connections in your industry and share knowledge with peers.,networking,"['family_bonds', 'relaxation_techniques', 'art_and_creativity', 'financial_planning', 'community_meetings', 'adaptability', 'biodiversity_awareness', 'empathy_and_understanding', 'financial_education', 'networking', 'sleep']"
28,"Spend quality time with loved ones. Whether it's a family dinner or a friend's gathering, cherish the moments that matter.",quality_time,"['financial_planning', 'social_boundaries', 'quality_time', 'time_management', 'financial_education', 'self_reflection']"
29,Establish social boundaries to maintain a healthy balance in your relationships. Communicate your needs and respect the boundaries of others.,social_boundaries,"['voting', 'family_bonds', 'substance_abuse_prevention', 'communication_at_work', 'social_boundaries', 'nutrition', 'networking_and_mentoring', 'sports_and_physical_activities', 'meditation_and_contemplation', 'therapeutic_support', 'medical_care']"
30,Pursue formal education to expand your knowledge and skills. Lifelong learning is a key component of personal development.,formal_education,"['leadership_skills', 'gratitude_practice', 'service_to_others', 'job_satisfaction', 'networking_and_mentoring', 'formal_education', 'financial_planning', 'savings', 'waste_reduction']"
31,Develop new skills that align with your interests and career goals. Continuous skill development is essential for professional growth.,skill_development,"['conservation_efforts', 'nature_activities', 'mental_fitness', 'art_and_creativity', 'skill_development', 'social_boundaries']"
32,Commit to continuous learning by staying curious and seeking knowledge. Embrace opportunities for growth and exploration.,continuous_learning,"['philanthropy', 'professional_development', 'sports_and_physical_activities', 'values_clarification', 'self_reflection', 'conservation_efforts', 'entertainment', 'continuous_learning', 'inner_peace', 'substance_abuse_prevention', 'hygiene']"
33,Set realistic and achievable goals to guide your personal and professional development. Break them down into manageable steps for success.,goal_setting,"['conflict_resolution', 'hygiene', 'values_clarification', 'biodiversity_awareness', 'job_satisfaction', 'energy_conservation', 'philanthropy', 'legal_awareness', 'social_activism', 'goal_setting']"
34,"Manage your time effectively to balance work, personal life, and self-care. Prioritize tasks and create a schedule that aligns with your goals.",time_management,"['voting', 'time_management', 'savings', 'goal_setting', 'investing', 'team_collaboration', 'communication_at_work', 'sustainable_practices', 'financial_education']"
35,Cultivate critical thinking skills to analyze situations and make informed decisions. A sharp mind is a valuable asset in personal and professional life.,critical_thinking,"['legal_awareness', 'formal_education', 'critical_thinking', 'emergency_fund', 'art_and_creativity', 'mindset_and_attitude']"
36,Adaptability is key in a rapidly changing world. Embrace change and be open to new possibilities for personal and professional success.,adaptability,"['inner_peace', 'energy_conservation', 'cultural_events', 'philanthropy', 'social_boundaries', 'networking_and_mentoring', 'adaptability', 'career_planning']"
37,Hone your leadership skills to inspire and guide others. Leadership is not just about authority but also about fostering collaboration and growth.,leadership_skills,"['reading', 'community_meetings', 'exercise', 'outdoor_advocacy', 'leadership_skills', 'advocacy', 'cultural_events']"
38,Engage in regular self-reflection to assess your progress and areas for improvement. Self-awareness is a powerful tool for personal development.,self_reflection,"['reading', 'investing', 'relaxation_techniques', 'economic_awareness', 'voting', 'insurance', 'stress_management', 'self_reflection', 'sports_and_physical_activities', 'gratitude_practice']"
39,Build a network of mentors and peers for guidance and support. Learning from others' experiences is a valuable aspect of personal and professional growth.,networking_and_mentoring,"['cultural_appreciation', 'legal_awareness', 'social_responsibility', 'civic_education', 'economic_awareness', 'career_networking', 'substance_abuse_prevention', 'networking_and_mentoring', 'mindset_and_attitude', 'environmental_education', 'adaptability_and_resilience']"
40,Plan your career path strategically to align with your passions and goals. Regularly assess your career satisfaction and make adjustments as needed.,career_planning,"['career_planning', 'career_networking', 'mindfulness', 'community_meetings', 'social_boundaries', 'legal_awareness', 'voting']"
41,Ensure job satisfaction by finding fulfillment in your work. Seek opportunities for growth and contribute meaningfully to your workplace.,job_satisfaction,"['environmental_education', 'medical_care', 'sleep', 'communication_at_work', 'investing', 'goal_setting', 'job_satisfaction']"
42,Invest in your professional development to stay relevant in your field. Continuous learning and skill enhancement contribute to career success.,professional_development,"['mindfulness', 'stress_management', 'advocacy', 'religious_practices', 'hygiene', 'professional_development', 'quality_time']"
43,Maintain a healthy work-life balance to avoid burnout. Prioritize self-care and allocate time to both professional and personal pursuits.,work_life_balance,"['work_life_balance', 'leadership_skills', 'positive_relationships', 'environmental_education', 'team_collaboration', 'charitable_giving', 'budgeting']"
44,Communicate effectively at work to foster a positive and collaborative environment. Clear communication is essential for team success.,communication_at_work,"['time_management', 'quality_time', 'civic_education', 'communication_at_work', 'cultural_appreciation', 'adaptability_and_resilience', 'hobbies_and_creative_outlets', 'mindfulness', 'hobbies']"
45,Collaborate with your team to achieve common goals. Embrace teamwork and contribute your unique strengths to the collective effort.,team_collaboration,"['conservation_efforts', 'relaxation_techniques', 'team_collaboration', 'philanthropy', 'nature_activities', 'community_activism', 'self_care_routines']"
46,Manage your time efficiently to balance work tasks and personal life. Prioritize tasks and set boundaries to maintain a healthy equilibrium.,time_management,"['ethical_decision_making', 'reading', 'voting', 'charitable_giving', 'service_to_others', 'time_management']"
47,Plan your finances wisely to achieve long-term stability. Budgeting and saving are fundamental steps toward financial security.,financial_planning,"['career_networking', 'financial_planning', 'religious_practices', 'advocacy', 'carbon_footprint_reduction', 'outdoor_advocacy', 'family_bonds', 'conflict_resolution', 'empathy_and_understanding', 'professional_development']"
48,Build a strong professional network to open up opportunities for career growth. Networking is a valuable asset in any industry.,career_networking,"['communication_at_work', 'investing', 'gratitude_practice', 'self_reflection', 'self_care_routines', 'nature_activities', 'career_networking', 'professional_development', 'eco_friendly_consumer_choices', 'waste_reduction', 'relaxation_techniques']"
49,Cultivate adaptability and resilience to navigate the ever-changing landscape of your career. Embrace challenges as opportunities for growth.,adaptability_and_resilience,"['art_and_creativity', 'adaptability_and_resilience', 'conflict_resolution', 'financial_planning', 'mindfulness', 'community_involvement']"
50,Create a budget to manage your finances effectively. Tracking your expenses and saving for the future contribute to financial stability.,budgeting,"['hygiene', 'mindfulness', 'communication_skills', 'gaming', 'cultural_appreciation', 'economic_awareness', 'budgeting', 'insurance', 'weight_management', 'religious_practices']"
51,Prioritize savings to build a financial safety net. Having savings provides security and flexibility in times of unexpected expenses.,savings,"['environmental_education', 'sustainable_practices', 'nature_activities', 'mindfulness', 'community_involvement', 'cultural_appreciation', 'savings', 'community_activism']"
52,Invest wisely to grow your wealth over time. Research investment options and consider seeking advice from financial professionals.,investing,"['networking', 'philanthropy', 'insurance', 'communication_at_work', 'waste_reduction', 'investing', 'relaxation_and_stress_management', 'hobbies_and_creative_outlets', 'sports_and_physical_activities']"
53,Manage debt responsibly by creating a plan for repayment. Clearing debts contributes to your overall financial well-being.,debt_management,"['community_activism', 'team_collaboration', 'formal_education', 'cultural_appreciation', 'debt_management', 'networking_and_mentoring', 'adaptability']"
54,Establish an emergency fund to cover unexpected expenses. Having a financial cushion provides peace of mind in times of uncertainty.,emergency_fund,"['savings', 'emergency_fund', 'hygiene', 'preventive_healthcare', 'goal_setting', 'investing']"
55,Stay informed about financial matters through ongoing financial education. Knowledge empowers you to make informed and confident decisions.,financial_education,"['financial_education', 'conservation_efforts', 'critical_thinking', 'reading', 'community_volunteering', 'weight_management', 'social_activism', 'stress_management', 'emotional_expression']"
56,Consider insurance options to protect yourself and your assets. Insurance provides a safety net in case of unforeseen events.,insurance,"['friendships', 'sports_and_physical_activities', 'social_activism', 'insurance', 'entertainment', 'meditation_and_contemplation', 'goal_setting']"
57,Plan for retirement to ensure financial security in your later years. Start early and contribute regularly to retirement savings.,retirement_planning,"['mindset_and_attitude', 'emergency_fund', 'community_volunteering', 'civic_education', 'team_collaboration', 'social_boundaries', 'retirement_planning', 'environmental_education', 'empathy_and_understanding', 'conflict_resolution']"
58,Increase economic awareness by staying informed about financial trends and market conditions. Knowledge is key to making sound financial decisions.,economic_awareness,"['economic_awareness', 'retirement_planning', 'formal_education', 'social_responsibility', 'sports_and_physical_activities', 'career_planning']"
59,Contribute to charitable causes to give back to the community. Philanthropy fosters a sense of social responsibility and connection.,charitable_giving,"['biodiversity_awareness', 'career_planning', 'team_collaboration', 'debt_management', 'gratitude_practice', 'entertainment', 'financial_planning', 'charitable_giving', 'ethical_decision_making', 'conflict_resolution']"
60,"Engage in hobbies that bring you joy and relaxation. Whether it's painting, gardening, or playing a musical instrument, find what you love.",hobbies,"['community_involvement', 'hobbies', 'travel', 'stress_management', 'sleep', 'conflict_resolution', 'reading', 'family_bonds']"
61,Participate in sports and physical activities to stay active and healthy. Find activities that you enjoy and make them a regular part of your routine.,sports_and_physical_activities,"['stress_management', 'sports_and_physical_activities', 'self_reflection', 'charitable_giving', 'hygiene', 'friendships']"
62,"Explore various forms of entertainment to unwind and recharge. Whether it's movies, concerts, or theater, take time for leisure.",entertainment,"['positive_relationships', 'adaptability', 'conflict_resolution', 'retirement_planning', 'entertainment', 'exercise']"
63,Travel to new places to broaden your horizons and create lasting memories. Exploring different cultures and environments is enriching.,travel,"['social_support_networks', 'team_collaboration', 'waste_reduction', 'community_volunteering', 'retirement_planning', 'networking_and_mentoring', 'travel', 'preventive_healthcare', 'substance_abuse_prevention', 'advocacy']"
64,"Read regularly to expand your knowledge and stimulate your mind. Whether fiction or non-fiction, books offer a world of learning.",reading,"['budgeting', 'philanthropy', 'inner_peace', 'career_planning', 'sleep', 'insurance', 'emotional_expression', 'self_care_routines', 'reading']"
65,"Engage in gaming for entertainment and mental stimulation. Whether video games, board games, or puzzles, find what suits your interests.",gaming,"['civic_education', 'savings', 'gaming', 'community_meetings', 'voting', 'critical_thinking', 'inner_peace', 'skill_development', 'communication_skills']"
66,"Express your creativity through art and other outlets. Painting, writing, or crafting are excellent ways to bring your imagination to life.",art_and_creativity,"['legal_awareness', 'networking_and_mentoring', 'community_volunteering', 'voting', 'art_and_creativity', 'debt_management', 'social_support_networks', 'financial_education']"
67,"Connect with nature through outdoor activities. Whether hiking, camping, or simply taking a walk in the park, nature is rejuvenating.",nature_activities,"['family_bonds', 'self_care_routines', 'mindfulness', 'emergency_fund', 'sleep', 'insurance', 'nature_activities', 'savings', 'social_boundaries', 'economic_awareness']"
68,"Participate in cultural events to appreciate diversity and broaden your perspective. Attend concerts, festivals, and exhibits to enrich your life.",cultural_events,"['financial_education', 'budgeting', 'cultural_events', 'positive_relationships', 'networking_and_mentoring', 'stress_management', 'travel']"
69,"Incorporate relaxation techniques into your routine. Whether it's meditation, deep breathing, or a warm bath, find what helps you unwind.",relaxation_techniques,"['therapeutic_support', 'debt_management', 'relaxation_techniques', 'community_involvement', 'meditation_and_contemplation', 'cultural_appreciation', 'career_planning']"
70,"Nurture your spiritual well-being through religious practices. Whether attending services or prayer, find what brings you a sense of connection.",religious_practices,"['service_to_others', 'exercise', 'religious_practices', 'weight_management', 'mindset_and_attitude', 'ethical_decision_making', 'carbon_footprint_reduction', 'philanthropy']"
71,Embrace meditation and contemplation to foster inner peace. Take moments of quiet reflection to center yourself and find balance.,meditation_and_contemplation,"['hobbies_and_creative_outlets', 'retirement_planning', 'voting', 'formal_education', 'family_bonds', 'meditation_and_contemplation', 'waste_reduction', 'sustainable_practices']"
72,Clarify your values to guide your actions and decisions. Understanding your values contributes to a sense of purpose and fulfillment.,values_clarification,"['substance_abuse_prevention', 'values_clarification', 'cultural_appreciation', 'leadership_skills', 'charitable_giving', 'career_networking', 'critical_thinking', 'reading', 'self_care_routines', 'civic_education']"
73,Incorporate mindfulness into your daily life. Being present in each moment can lead to greater clarity and a deeper appreciation for life.,mindfulness,"['philanthropy', 'networking', 'energy_conservation', 'mindfulness', 'biodiversity_awareness', 'charitable_giving', 'sports_and_physical_activities', 'emotional_expression', 'time_management']"
74,Get involved in your community to strengthen your sense of belonging. Volunteering and community engagement contribute to a purposeful life.,community_involvement,"['career_planning', 'community_involvement', 'inner_peace', 'adaptability_and_resilience', 'insurance', 'continuous_learning', 'service_to_others', 'conflict_resolution']"
75,Practice philanthropy to contribute positively to society. Giving back to others fosters a sense of connection and shared responsibility.,philanthropy,"['financial_education', 'networking', 'service_to_others', 'social_support_networks', 'adaptability', 'cultural_appreciation', 'social_activism', 'philanthropy', 'hygiene']"
76,Integrate gratitude practices into your daily routine. Reflect on the positive aspects of your life to cultivate a thankful mindset.,gratitude_practice,"['waste_reduction', 'communication_skills', 'work_life_balance', 'gratitude_practice', 'ethical_decision_making', 'social_support_networks', 'hygiene', 'relaxation_and_stress_management', 'economic_awareness']"
77,Serve others through acts of kindness and generosity. Contributing to the well-being of others brings a sense of fulfillment and purpose.,service_to_others,"['mindfulness', 'sports_and_physical_activities', 'savings', 'formal_education', 'empathy_and_understanding', 'relaxation_techniques', 'service_to_others', 'career_networking', 'gratitude_practice']"
78,Make ethical decisions in all aspects of your life. Align your actions with your values for a sense of integrity and moral well-being.,ethical_decision_making,"['emergency_fund', 'religious_practices', 'community_meetings', 'waste_reduction', 'quality_time', 'ethical_decision_making', 'mindfulness']"
79,"Cultivate inner peace through practices that bring you tranquility. Whether through meditation or other calming activities, find your center.",inner_peace,"['gratitude_practice', 'ethical_decision_making', 'inner_peace', 'emotional_expression', 'nutrition', 'advocacy', 'eco_friendly_consumer_choices', 'skill_development', 'goal_setting', 'empathy_and_understanding']"
80,Adopt sustainable practices to reduce your environmental impact. Conserving resources and minimizing waste contribute to a healthier planet.,sustainable_practices,"['sustainable_practices', 'legal_awareness', 'community_activism', 'nature_activities', 'cultural_appreciation', 'communication_skills', 'ethical_decision_making', 'work_life_balance', 'financial_planning', 'adaptability']"
81,Reduce waste in your daily life by recycling and minimizing single-use items. Small actions add up to make a positive impact on the environment.,waste_reduction,"['time_management', 'mindfulness', 'religious_practices', 'economic_awareness', 'community_activism', 'insurance', 'waste_reduction']"
82,Conserve energy by being mindful of your usage. Simple steps like turning off lights and using energy-efficient appliances contribute to sustainability.,energy_conservation,"['social_boundaries', 'conservation_efforts', 'self_care_routines', 'energy_conservation', 'time_management', 'cultural_appreciation', 'therapeutic_support', 'work_life_balance', 'friendships']"
83,Stay informed about environmental issues through ongoing environmental education. Knowledge empowers you to make eco-friendly choices.,environmental_education,"['environmental_education', 'entertainment', 'financial_planning', 'positive_relationships', 'hobbies_and_creative_outlets', 'substance_abuse_prevention']"
84,Contribute to conservation efforts to protect biodiversity. Support initiatives that aim to preserve and restore natural habitats.,conservation_efforts,"['service_to_others', 'conservation_efforts', 'debt_management', 'adaptability', 'therapeutic_support', 'formal_education']"
85,Engage in community activism to address environmental concerns. Your voice and actions can contribute to positive change in your local area.,community_activism,"['hygiene', 'positive_relationships', 'work_life_balance', 'skill_development', 'community_meetings', 'mindfulness', 'social_support_networks', 'community_activism']"
86,Make eco-friendly consumer choices to support sustainable practices. Choose products and services that align with environmental values.,eco_friendly_consumer_choices,"['communication_at_work', 'hobbies', 'empathy_and_understanding', 'goal_setting', 'quality_time', 'sleep', 'eco_friendly_consumer_choices']"
87,"Advocate for outdoor spaces and engage in activities that promote appreciation for nature. Connect with the environment through hiking, camping, or gardening.",outdoor_advocacy,"['outdoor_advocacy', 'mindfulness', 'meditation_and_contemplation', 'sports_and_physical_activities', 'entertainment', 'waste_reduction', 'inner_peace', 'social_support_networks', 'conservation_efforts']"
88,"Reduce your carbon footprint by adopting sustainable transportation options. Consider walking, biking, or using public transport to minimize environmental impact.",carbon_footprint_reduction,"['preventive_healthcare', 'communication_at_work', 'charitable_giving', 'carbon_footprint_reduction', 'job_satisfaction', 'medical_care', 'self_care_routines', 'gratitude_practice', 'nutrition']"
89,Increase awareness of biodiversity by learning about and supporting efforts to protect the variety of life on Earth.,biodiversity_awareness,"['self_care_routines', 'biodiversity_awareness', 'inner_peace', 'family_bonds', 'career_networking', 'savings']"
90,"Exercise your civic duty by participating in voting. Your voice matters, and voting is a fundamental aspect of democratic societies.",voting,"['networking', 'voting', 'gaming', 'charitable_giving', 'work_life_balance', 'community_involvement', 'energy_conservation', 'sustainable_practices', 'team_collaboration', 'time_management', 'environmental_education']"
91,Contribute to your community by volunteering your time and skills. Community service fosters a sense of connection and shared responsibility.,community_volunteering,"['financial_planning', 'community_volunteering', 'economic_awareness', 'public_service', 'gaming', 'conservation_efforts', 'positive_relationships', 'voting', 'communication_skills']"
92,Advocate for causes you believe in to bring about positive change. Engage with local organizations and support initiatives aligned with your values.,advocacy,"['mindfulness_and_meditation', 'meditation_and_contemplation', 'communication_skills', 'financial_education', 'community_meetings', 'community_activism', 'entertainment', 'conflict_resolution', 'biodiversity_awareness', 'advocacy', 'hygiene']"
93,Stay informed about civic matters through ongoing civic education. Knowledge empowers you to engage meaningfully in community discussions.,civic_education,"['budgeting', 'time_management', 'carbon_footprint_reduction', 'civic_education', 'job_satisfaction', 'medical_care']"
94,Participate in community meetings to stay informed and contribute to local decision-making. Your input matters in shaping the community.,community_meetings,"['community_meetings', 'relaxation_and_stress_management', 'values_clarification', 'emergency_fund', 'legal_awareness', 'work_life_balance']"
95,Get involved in social activism to address societal issues. Your actions can contribute to positive change on a broader scale.,social_activism,"['hygiene', 'gratitude_practice', 'advocacy', 'entertainment', 'reading', 'team_collaboration', 'exercise', 'social_activism']"
96,Explore opportunities for public service to contribute to the well-being of your community. Serving others is a fulfilling aspect of civic engagement.,public_service,"['stress_management', 'legal_awareness', 'entertainment', 'positive_relationships', 'job_satisfaction', 'public_service', 'relaxation_techniques', 'gratitude_practice']"
97,Embrace social responsibility by considering the impact of your actions on the broader community. Make choices that contribute positively to society.,social_responsibility,"['continuous_learning', 'networking', 'mindset_and_attitude', 'meditation_and_contemplation', 'social_responsibility', 'carbon_footprint_reduction', 'self_reflection', 'substance_abuse_prevention', 'relaxation_techniques', 'financial_education']"
98,Stay informed about legal matters and your rights as a citizen. Knowledge of the legal system empowers you to make informed decisions.,legal_awareness,"['substance_abuse_prevention', 'community_involvement', 'adaptability', 'legal_awareness', 'communication_at_work', 'debt_management', 'preventive_healthcare']"
99,Appreciate and celebrate the diversity of cultures in your community. Engage in cultural events and foster understanding among different groups.,cultural_appreciation,"['therapeutic_support', 'cultural_appreciation', 'meditation_and_contemplation', 'emotional_expression', 'work_life_balance', 'eco_friendly_consumer_choices', 'formal_education', 'social_responsibility']"
