message,actual_category
"Explore new recipes and ensure your diet is well-balanced with a mix of fruits, vegetables, and proteins. Your nutrition is the foundation of good health.",nutrition
"Whether it's a jog in the park or a full workout at the gym, regular exercise is crucial for maintaining physical health. Find activities you enjoy!",exercise
"Quality sleep is key to overall well-being. Establish a bedtime routine and prioritize 7-9 hours of rest each night for optimal health.",sleep
"Maintain good hygiene habits to keep illnesses at bay. Regular handwashing, dental care, and a clean living space contribute to your overall health.",hygiene
"Stay proactive about your health by scheduling regular check-ups and screenings. Prevention is key to a long and healthy life!",preventive_healthcare
"Take care of your mental fitness by practicing mindfulness and engaging in activities that bring you joy. Your mental well-being is just as important as your physical health.",mental_fitness
"Prioritize your medical care by staying on top of appointments and following prescribed treatments. Your health is your wealth!",medical_care
"Manage your weight with a combination of a healthy diet and regular exercise. Small, sustainable changes lead to long-term success.",weight_management
"Make informed choices to prevent substance abuse. Seek help if needed, and surround yourself with a supportive environment.",substance_abuse_prevention
"Incorporate relaxation techniques into your daily routine to manage stress. Whether it's deep breathing or meditation, find what works for you.",relaxation_and_stress_management
"Practice mindfulness and meditation to center yourself. Take a few moments each day to focus on your breath and find inner peace.",mindfulness_and_meditation
"Seek therapeutic support when needed. A trained professional can provide guidance and tools for managing life's challenges.",therapeutic_support
"Express your emotions openly and constructively. Whether through journaling or talking to a friend, it's important to release what you're feeling.",emotional_expression
"Manage stress effectively by adopting healthy coping mechanisms. Consider activities like yoga, deep breathing, or a hobby you enjoy.",stress_management
"Cultivate positive relationships with those around you. Surround yourself with people who uplift and support you.",positive_relationships
"Engage in self-reflection to better understand your thoughts and actions. It's a powerful tool for personal growth.",self_reflection
"Cultivate a positive mindset and attitude. Focus on the silver linings and approach challenges with resilience.",mindset_and_attitude
"Explore hobbies and creative outlets that bring you joy. Whether it's painting, writing, or playing music, find what sparks your creativity.",hobbies_and_creative_outlets
"Practice gratitude daily. Take a moment to appreciate the good things in your life, big or small.",gratitude_practice
"Establish self-care routines that prioritize your well-being. This could include skincare, reading, or simply taking a leisurely walk.",self_care_routines
"Nurture strong family bonds by spending quality time together. Create lasting memories and cherish the moments with your loved ones.",family_bonds
"Cultivate meaningful friendships by being a good listener and showing support. True friends contribute positively to your overall well-being.",friendships
"Hone your communication skills for effective and open dialogue. Clear communication is the foundation of healthy relationships.",communication_skills
"Resolve conflicts constructively by seeking compromise and understanding. Effective conflict resolution strengthens relationships.",conflict_resolution
"Get involved in your community to build a sense of belonging. Volunteering and engaging with neighbors contribute to a supportive community.",community_involvement
"Build social support networks to lean on during challenging times. A strong support system is invaluable for mental and emotional well-being.",social_support_networks
"Cultivate empathy and understanding in your interactions. Put yourself in others' shoes to strengthen your relationships.",empathy_and_understanding
"Network professionally to open up opportunities for growth. Build connections in your industry and share knowledge with peers.",networking
"Spend quality time with loved ones. Whether it's a family dinner or a friend's gathering, cherish the moments that matter.",quality_time
"Establish social boundaries to maintain a healthy balance in your relationships. Communicate your needs and respect the boundaries of others.",social_boundaries
"Pursue formal education to expand your knowledge and skills. Lifelong learning is a key component of personal development.",formal_education
"Develop new skills that align with your interests and career goals. Continuous skill development is essential for professional growth.",skill_development
"Commit to continuous learning by staying curious and seeking knowledge. Embrace opportunities for growth and exploration.",continuous_learning
"Set realistic and achievable goals to guide your personal and professional development. Break them down into manageable steps for success.",goal_setting
"Manage your time effectively to balance work, personal life, and self-care. Prioritize tasks and create a schedule that aligns with your goals.",time_management
"Cultivate critical thinking skills to analyze situations and make informed decisions. A sharp mind is a valuable asset in personal and professional life.",critical_thinking
"Adaptability is key in a rapidly changing world. Embrace change and be open to new possibilities for personal and professional success.",adaptability
"Hone your leadership skills to inspire and guide others. Leadership is not just about authority but also about fostering collaboration and growth.",leadership_skills
"Engage in regular self-reflection to assess your progress and areas for improvement. Self-awareness is a powerful tool for personal development.",self_reflection
"Build a network of mentors and peers for guidance and support. Learning from others' experiences is a valuable aspect of personal and professional growth.",networking_and_mentoring
"Plan your career path strategically to align with your passions and goals. Regularly assess your career satisfaction and make adjustments as needed.",career_planning
"Ensure job satisfaction by finding fulfillment in your work. Seek opportunities for growth and contribute meaningfully to your workplace.",job_satisfaction
"Invest in your professional development to stay relevant in your field. Continuous learning and skill enhancement contribute to career success.",professional_development
"Maintain a healthy work-life balance to avoid burnout. Prioritize self-care and allocate time to both professional and personal pursuits.",work_life_balance
"Communicate effectively at work to foster a positive and collaborative environment. Clear communication is essential for team success.",communication_at_work
"Collaborate with your team to achieve common goals. Embrace teamwork and contribute your unique strengths to the collective effort.",team_collaboration
"Manage your time efficiently to balance work tasks and personal life. Prioritize tasks and set boundaries to maintain a healthy equilibrium.",time_management
"Plan your finances wisely to achieve long-term stability. Budgeting and saving are fundamental steps toward financial security.",financial_planning
"Build a strong professional network to open up opportunities for career growth. Networking is a valuable asset in any industry.",career_networking
"Cultivate adaptability and resilience to navigate the ever-changing landscape of your career. Embrace challenges as opportunities for growth.",adaptability_and_resilience
"Create a budget to manage your finances effectively. Tracking your expenses and saving for the future contribute to financial stability.",budgeting
"Prioritize savings to build a financial safety net. Having savings provides security and flexibility in times of unexpected expenses.",savings
"Invest wisely to grow your wealth over time. Research investment options and consider seeking advice from financial professionals.",investing
"Manage debt responsibly by creating a plan for repayment. Clearing debts contributes to your overall financial well-being.",debt_management
"Establish an emergency fund to cover unexpected expenses. Having a financial cushion provides peace of mind in times of uncertainty.",emergency_fund
"Stay informed about financial matters through ongoing financial education. Knowledge empowers you to make informed and confident decisions.",financial_education
"Consider insurance options to protect yourself and your assets. Insurance provides a safety net in case of unforeseen events.",insurance
"Plan for retirement to ensure financial security in your later years. Start early and contribute regularly to retirement savings.",retirement_planning
"Increase economic awareness by staying informed about financial trends and market conditions. Knowledge is key to making sound financial decisions.",economic_awareness
"Contribute to charitable causes to give back to the community. Philanthropy fosters a sense of social responsibility and connection.",charitable_giving
"Engage in hobbies that bring you joy and relaxation. Whether it's painting, gardening, or playing a musical instrument, find what you love.",hobbies
"Participate in sports and physical activities to stay active and healthy. Find activities that you enjoy and make them a regular part of your routine.",sports_and_physical_activities
"Explore various forms of entertainment to unwind and recharge. Whether it's movies, concerts, or theater, take time for leisure.",entertainment
"Travel to new places to broaden your horizons and create lasting memories. Exploring different cultures and environments is enriching.",travel
"Read regularly to expand your knowledge and stimulate your mind. Whether fiction or non-fiction, books offer a world of learning.",reading
"Engage in gaming for entertainment and mental stimulation. Whether video games, board games, or puzzles, find what suits your interests.",gaming
"Express your creativity through art and other outlets. Painting, writing, or crafting are excellent ways to bring your imagination to life.",art_and_creativity
"Connect with nature through outdoor activities. Whether hiking, camping, or simply taking a walk in the park, nature is rejuvenating.",nature_activities
"Participate in cultural events to appreciate diversity and broaden your perspective. Attend concerts, festivals, and exhibits to enrich your life.",cultural_events
"Incorporate relaxation techniques into your routine. Whether it's meditation, deep breathing, or a warm bath, find what helps you unwind.",relaxation_techniques
"Nurture your spiritual well-being through religious practices. Whether attending services or prayer, find what brings you a sense of connection.",religious_practices
"Embrace meditation and contemplation to foster inner peace. Take moments of quiet reflection to center yourself and find balance.",meditation_and_contemplation
"Clarify your values to guide your actions and decisions. Understanding your values contributes to a sense of purpose and fulfillment.",values_clarification
"Incorporate mindfulness into your daily life. Being present in each moment can lead to greater clarity and a deeper appreciation for life.",mindfulness
"Get involved in your community to strengthen your sense of belonging. Volunteering and community engagement contribute to a purposeful life.",community_involvement
"Practice philanthropy to contribute positively to society. Giving back to others fosters a sense of connection and shared responsibility.",philanthropy
"Integrate gratitude practices into your daily routine. Reflect on the positive aspects of your life to cultivate a thankful mindset.",gratitude_practice
"Serve others through acts of kindness and generosity. Contributing to the well-being of others brings a sense of fulfillment and purpose.",service_to_others
"Make ethical decisions in all aspects of your life. Align your actions with your values for a sense of integrity and moral well-being.",ethical_decision_making
"Cultivate inner peace through practices that bring you tranquility. Whether through meditation or other calming activities, find your center.",inner_peace
"Adopt sustainable practices to reduce your environmental impact. Conserving resources and minimizing waste contribute to a healthier planet.",sustainable_practices
"Reduce waste in your daily life by recycling and minimizing single-use items. Small actions add up to make a positive impact on the environment.",waste_reduction
"Conserve energy by being mindful of your usage. Simple steps like turning off lights and using energy-efficient appliances contribute to sustainability.",energy_conservation
"Stay informed about environmental issues through ongoing environmental education. Knowledge empowers you to make eco-friendly choices.",environmental_education
"Contribute to conservation efforts to protect biodiversity. Support initiatives that aim to preserve and restore natural habitats.",conservation_efforts
"Engage in community activism to address environmental concerns. Your voice and actions can contribute to positive change in your local area.",community_activism
"Make eco-friendly consumer choices to support sustainable practices. Choose products and services that align with environmental values.",eco_friendly_consumer_choices
"Advocate for outdoor spaces and engage in activities that promote appreciation for nature. Connect with the environment through hiking, camping, or gardening.",outdoor_advocacy
"Reduce your carbon footprint by adopting sustainable transportation options. Consider walking, biking, or using public transport to minimize environmental impact.",carbon_footprint_reduction
"Increase awareness of biodiversity by learning about and supporting efforts to protect the variety of life on Earth.",biodiversity_awareness
"Exercise your civic duty by participating in voting. Your voice matters, and voting is a fundamental aspect of democratic societies.",voting
"Contribute to your community by volunteering your time and skills. Community service fosters a sense of connection and shared responsibility.",community_volunteering
"Advocate for causes you believe in to bring about positive change. Engage with local organizations and support initiatives aligned with your values.",advocacy
"Stay informed about civic matters through ongoing civic education. Knowledge empowers you to engage meaningfully in community discussions.",civic_education
"Participate in community meetings to stay informed and contribute to local decision-making. Your input matters in shaping the community.",community_meetings
"Get involved in social activism to address societal issues. Your actions can contribute to positive change on a broader scale.",social_activism
"Explore opportunities for public service to contribute to the well-being of your community. Serving others is a fulfilling aspect of civic engagement.",public_service
"Embrace social responsibility by considering the impact of your actions on the broader community. Make choices that contribute positively to society.",social_responsibility
"Stay informed about legal matters and your rights as a citizen. Knowledge of the legal system empowers you to make informed decisions.",legal_awareness
"Appreciate and celebrate the diversity of cultures in your community. Engage in cultural events and foster understanding among different groups.",cultural_appreciation
